{"cameraMode":{"drawMode":0,"name":"Shaded","section":"Shading Mode"},"sceneLighting":true,"audioPlay":false,"sceneViewState":{"showFog":true,"showMaterialUpdate":false,"showSkybox":true,"showFlares":true,"showImageEffects":true,"showParticleSystems":true},"in2DMode":false,"pivot":{"x":3.3242197036743166,"y":5.16552734375,"z":-5.308593273162842},"rotation":{"x":0.07532341778278351,"y":-0.40418705344200137,"z":0.033424150198698047,"w":0.910956621170044},"size":12.816842079162598,"orthographic":true}