{"cameraMode":{"drawMode":0,"name":"Shaded","section":"Shading Mode"},"sceneLighting":true,"audioPlay":false,"sceneViewState":{"showFog":true,"showMaterialUpdate":false,"showSkybox":true,"showFlares":true,"showImageEffects":true,"showParticleSystems":true},"in2DMode":false,"pivot":{"x":-0.07602134346961975,"y":7.519739627838135,"z":-4.793780326843262},"rotation":{"x":0.079366534948349,"y":0.035282351076602939,"z":-0.002805787604302168,"w":0.9962169528007507},"size":13.420777320861817,"orthographic":true}