{"cameraMode":{"drawMode":0,"name":"Shaded","section":"Shading Mode"},"sceneLighting":true,"audioPlay":false,"sceneViewState":{"showFog":true,"showMaterialUpdate":false,"showSkybox":true,"showFlares":true,"showImageEffects":true,"showParticleSystems":true},"in2DMode":false,"pivot":{"x":0.13608168065547944,"y":4.930549144744873,"z":1.3039692640304566},"rotation":{"x":-0.12292103469371796,"y":0.10340829938650131,"z":-0.012873981148004532,"w":-0.9869303107261658},"size":26.782238006591798,"orthographic":false}